img	3	071840_bf3efcc9-7fa0-4c74-9b98-151fccafe7d4.png
img	1	072152_977c8c78-288f-4cf9-8193-cc96a28567e9.png
img	2	072152_b2a938ea-bd4d-4b42-94aa-4080032f6906.png
img	4	072152_90064e6a-8ea7-49bc-bc01-99dc6e50c165.png
img	5	072152_3ef91c59-91fb-48fc-a01e-5c9e514c625e.png
img	6	072152_8734b925-c246-44a4-b92d-8882baf4259c.png
img	7	072152_0f7c4124-d84c-4fff-9822-2446a1641673.png
img	8	072152_5407713b-5fbd-436e-b848-e60301098476.png
img	9	072152_c8307989-66a5-4d72-ad79-ca29d02170c7.png
img	10	072152_cc2fc997-61ec-4d76-9ae0-39e97e1edf79.png
img	11	072152_3b891dbd-8390-44cb-b883-1b97a87f1cb5.png
aud	1	071847_ff1b2a4f-da37-4ee7-b56e-209369bcb58a.wav
aud	2	071847_dba07294-7053-451b-98b1-f6cac729a8b3.wav
aud	9	071758_65f0c940-5795-47da-bcdb-7416a43c1d38.wav
aud	10	071758_180bd8e5-4e4a-438b-b6bd-9a1f82934985.wav
img	12	072152_a24f60b0-53ff-4554-85d2-68832b53ed84.png
img	13	073222_c1c04334-059d-4ff0-9aa2-d2c7206dba53.png
img	14	072219_ab5da151-fd27-411a-b271-ebbf87bd4403.png
img	15	072219_cc2f5353-279f-4814-bc47-7090b94de1fc.png
img	16	072219_8983673b-d7bd-4fbe-9169-4e0a1b38a1a3.png
img	17	072219_60536886-2ff8-4b46-b5ce-1916fb50461b.png
img	18	072219_5c03405a-cd1e-4f4a-816b-0d37c13ac261.png
img	19	072219_89b60a88-4198-4c23-a77b-f8b6b32571e7.png
img	21	072219_0a43353b-9404-45b6-a75f-9f86957e37de.png
img	24	072219_61e6454a-b16d-46f1-a023-70bfa8347788.png
img	25	072219_151b1310-314b-4c96-8a49-891e9399da38.png
img	20	072319_ce45813d-1c8c-422a-9d08-120912ac6126.png
img	23	072319_252a0242-56c4-452e-9848-89a187e03bcd.png
img	26	072319_0e05a07d-012e-483f-bf08-7024d0b41fe2.png
img	27	072319_6b983144-bf47-42f0-b369-7bcb0801fd6d.png
img	28	072319_9cdaabd4-5697-4d68-877b-613d1ef963ee.png
img	29	072319_412688bf-dd1c-4a5f-bdfb-275026e951f2.png
img	30	072319_7165ef73-89ff-4589-a29f-cd72373b8317.png
img	31	072319_f69fb172-cab5-4495-ab0c-8f25205d1295.png
img	32	072319_ed16ccbb-f35b-459a-9435-744f005f9fc4.png
img	33	072319_e94ea012-869a-4e9f-a8ce-05e49ccca553.png
img	34	072319_ea9a0921-2017-40f4-8e96-2c5526c69565.png
aud	3	072238_321c4c23-f895-4f24-bbd9-c4471e90f2e9.wav
aud	4	072238_98d8022a-a7a2-4527-9658-982f71dc35fd.wav
vid	3	072411_5f34a6b4-0d52-4305-bb1e-7ec363d03210.mp4
aud	5	072518_1eceab38-b9be-4dcb-b70b-acf679eb751e.wav
img	35	072454_d1ab6ac0-e77f-4db8-9d0c-afe558100f37.png
img	36	072454_a23cac69-b55d-46b0-a904-bd9dab1e51fe.png
img	37	072455_95b65d47-45d9-41e3-9ea0-4469b4b61a48.png
img	38	072454_397119ec-aba4-4c30-a1b4-3b49da26c137.png
img	39	072454_e6decb03-e182-44e6-82ee-5ce90068b67f.png
img	41	072454_e0e501b4-a002-48bb-8ff6-f983d25dc0f8.png
img	42	072454_28336f3b-b136-43f7-8d42-8d2af3dbece6.png
img	43	072454_026908ed-45dd-4fdf-ae94-747f3621047c.png
img	44	072455_f208ce9c-9016-402f-88e6-3b386c4c13a8.png
aud	6	072519_a57f2835-c463-4861-93b5-7e7b38ef2d2a.wav
img	40	072550_962b7f23-7fde-456e-9d32-abb9a24c0306.png
img	45	072454_c4e0511b-a5aa-49a5-9e0f-62f74c8631e2.png
aud	7	072634_5363b8cc-702e-452a-b79b-a59152ed7d76.wav
aud	8	072634_eca9a758-f2fc-43bd-b3eb-5ff4ef7b3e32.wav
vid	29	072541_72dacde2-8182-43a8-b1ca-0cd7572cde42.mp4
img	22	072702_d2e58cc9-5bd9-4047-9a63-642cdd35378f.png
img	46	072702_89a81f35-a02f-4596-8787-72d99359ac4b.png
vid	25	072828_7823630a-d544-4732-a2c5-38002e0fcbaa.mp4
