img	3	bf3efcc9-7fa0-4c74-9b98-151fccafe7d4
img	1	977c8c78-288f-4cf9-8193-cc96a28567e9
img	2	b2a938ea-bd4d-4b42-94aa-4080032f6906
img	4	90064e6a-8ea7-49bc-bc01-99dc6e50c165
img	5	3ef91c59-91fb-48fc-a01e-5c9e514c625e
img	6	8734b925-c246-44a4-b92d-8882baf4259c
img	7	0f7c4124-d84c-4fff-9822-2446a1641673
img	8	5407713b-5fbd-436e-b848-e60301098476
img	9	c8307989-66a5-4d72-ad79-ca29d02170c7
img	10	cc2fc997-61ec-4d76-9ae0-39e97e1edf79
img	11	3b891dbd-8390-44cb-b883-1b97a87f1cb5
img	12	a24f60b0-53ff-4554-85d2-68832b53ed84
img	13	af39c69e-9252-4e81-80c5-a93866805101
aud	9	65f0c940-5795-47da-bcdb-7416a43c1d38
aud	10	180bd8e5-4e4a-438b-b6bd-9a1f82934985
aud	1	ff1b2a4f-da37-4ee7-b56e-209369bcb58a
aud	2	dba07294-7053-451b-98b1-f6cac729a8b3
img	14	ab5da151-fd27-411a-b271-ebbf87bd4403
img	15	cc2f5353-279f-4814-bc47-7090b94de1fc
img	16	8983673b-d7bd-4fbe-9169-4e0a1b38a1a3
img	17	60536886-2ff8-4b46-b5ce-1916fb50461b
img	18	5c03405a-cd1e-4f4a-816b-0d37c13ac261
img	19	89b60a88-4198-4c23-a77b-f8b6b32571e7
img	21	0a43353b-9404-45b6-a75f-9f86957e37de
img	24	61e6454a-b16d-46f1-a023-70bfa8347788
img	25	151b1310-314b-4c96-8a49-891e9399da38
img	20	ce45813d-1c8c-422a-9d08-120912ac6126
img	22	2a874c5b-5eb4-4972-ac1a-05a5d2535e29
img	23	252a0242-56c4-452e-9848-89a187e03bcd
img	26	0e05a07d-012e-483f-bf08-7024d0b41fe2
img	27	6b983144-bf47-42f0-b369-7bcb0801fd6d
img	28	9cdaabd4-5697-4d68-877b-613d1ef963ee
img	29	412688bf-dd1c-4a5f-bdfb-275026e951f2
img	30	7165ef73-89ff-4589-a29f-cd72373b8317
img	31	f69fb172-cab5-4495-ab0c-8f25205d1295
img	32	ed16ccbb-f35b-459a-9435-744f005f9fc4
img	33	e94ea012-869a-4e9f-a8ce-05e49ccca553
img	34	ea9a0921-2017-40f4-8e96-2c5526c69565
aud	3	321c4c23-f895-4f24-bbd9-c4471e90f2e9
aud	4	98d8022a-a7a2-4527-9658-982f71dc35fd
vid	3	5f34a6b4-0d52-4305-bb1e-7ec363d03210
img	35	d1ab6ac0-e77f-4db8-9d0c-afe558100f37
img	36	a23cac69-b55d-46b0-a904-bd9dab1e51fe
img	37	95b65d47-45d9-41e3-9ea0-4469b4b61a48
img	38	397119ec-aba4-4c30-a1b4-3b49da26c137
img	39	e6decb03-e182-44e6-82ee-5ce90068b67f
img	41	e0e501b4-a002-48bb-8ff6-f983d25dc0f8
img	42	28336f3b-b136-43f7-8d42-8d2af3dbece6
img	43	026908ed-45dd-4fdf-ae94-747f3621047c
img	44	f208ce9c-9016-402f-88e6-3b386c4c13a8
img	45	c4e0511b-a5aa-49a5-9e0f-62f74c8631e2
img	46	b359a2b2-edd7-4e4c-9310-dfb7506de932
